STATION,NAME,DATE,AWND,PRCP,TMAX,TMIN
USW00093134,"LOS ANGELES DOWNTOWN USC, CA US",1/1/2018,0.22,0,71,47
USW00093134,"LOS ANGELES DOWNTOWN USC, CA US",1/2/2018,0.67,0,78,52
USW00093134,"LOS ANGELES DOWNTOWN USC, CA US",1/3/2018,0.22,0,74,53
USW00093134,"LOS ANGELES DOWNTOWN USC, CA US",1/4/2018,0.89,0,75,53
USW00093134,"LOS ANGELES DOWNTOWN USC, CA US",1/5/2018,0.89,0,73,54
USW00093134,"LOS ANGELES DOWNTOWN USC, CA US",1/6/2018,0.67,0,68,56
USW00093134,"LOS ANGELES DOWNTOWN USC, CA US",1/7/2018,0.67,0,74,58
USW00093134,"LOS ANGELES DOWNTOWN USC, CA US",1/8/2018,3.58,0.32,68,61
USW00093134,"LOS ANGELES DOWNTOWN USC, CA US",1/9/2018,2.91,1.45,64,51
USW00093134,"LOS ANGELES DOWNTOWN USC, CA US",1/10/2018,0.67,0,66,48
USW00093134,"LOS ANGELES DOWNTOWN USC, CA US",1/11/2018,0.67,0,70,49
USW00093134,"LOS ANGELES DOWNTOWN USC, CA US",1/12/2018,0,0,72,50
USW00093134,"LOS ANGELES DOWNTOWN USC, CA US",1/13/2018,0.22,0,84,53
USW00093134,"LOS ANGELES DOWNTOWN USC, CA US",1/14/2018,0.67,0,83,56
USW00093134,"LOS ANGELES DOWNTOWN USC, CA US",1/15/2018,0.67,0,72,51
USW00093134,"LOS ANGELES DOWNTOWN USC, CA US",1/16/2018,0.67,0,72,52
USW00093134,"LOS ANGELES DOWNTOWN USC, CA US",1/17/2018,0.22,0,78,52
USW00093134,"LOS ANGELES DOWNTOWN USC, CA US",1/18/2018,0.67,0,76,54
USW00093134,"LOS ANGELES DOWNTOWN USC, CA US",1/19/2018,1.12,0,65,53
USW00093134,"LOS ANGELES DOWNTOWN USC, CA US",1/20/2018,5.82,0,62,51
USW00093134,"LOS ANGELES DOWNTOWN USC, CA US",1/21/2018,1.57,0,64,42
USW00093134,"LOS ANGELES DOWNTOWN USC, CA US",1/22/2018,1.34,0,69,44
USW00093134,"LOS ANGELES DOWNTOWN USC, CA US",1/23/2018,1.12,0,75,46
USW00093134,"LOS ANGELES DOWNTOWN USC, CA US",1/24/2018,2.68,0,75,52
USW00093134,"LOS ANGELES DOWNTOWN USC, CA US",1/25/2018,1.57,0,63,49
USW00093134,"LOS ANGELES DOWNTOWN USC, CA US",1/26/2018,1.57,0,68,46
USW00093134,"LOS ANGELES DOWNTOWN USC, CA US",1/27/2018,0.45,0,74,49
USW00093134,"LOS ANGELES DOWNTOWN USC, CA US",1/28/2018,0.67,0,83,49
USW00093134,"LOS ANGELES DOWNTOWN USC, CA US",1/29/2018,0.45,0,86,53
USW00093134,"LOS ANGELES DOWNTOWN USC, CA US",1/30/2018,1.12,0,82,57
USW00093134,"LOS ANGELES DOWNTOWN USC, CA US",1/31/2018,0.67,0,81,52
USW00093134,"LOS ANGELES DOWNTOWN USC, CA US",2/1/2018,0.67,0,79,52
USW00093134,"LOS ANGELES DOWNTOWN USC, CA US",2/2/2018,0.22,0,84,54
USW00093134,"LOS ANGELES DOWNTOWN USC, CA US",2/3/2018,0.22,0,80,53
USW00093134,"LOS ANGELES DOWNTOWN USC, CA US",2/4/2018,0.22,0,81,51
USW00093134,"LOS ANGELES DOWNTOWN USC, CA US",2/5/2018,0.67,0,77,53
USW00093134,"LOS ANGELES DOWNTOWN USC, CA US",2/6/2018,1.12,0,73,54
USW00093134,"LOS ANGELES DOWNTOWN USC, CA US",2/7/2018,0.67,0,82,51
USW00093134,"LOS ANGELES DOWNTOWN USC, CA US",2/8/2018,1.12,0,83,52
USW00093134,"LOS ANGELES DOWNTOWN USC, CA US",2/9/2018,1.12,0,73,54
USW00093134,"LOS ANGELES DOWNTOWN USC, CA US",2/10/2018,1.79,0,65,55
USW00093134,"LOS ANGELES DOWNTOWN USC, CA US",2/11/2018,1.34,0,72,50
USW00093134,"LOS ANGELES DOWNTOWN USC, CA US",2/12/2018,2.24,0.01,63,53
USW00093134,"LOS ANGELES DOWNTOWN USC, CA US",2/13/2018,2.68,0,66,51
USW00093134,"LOS ANGELES DOWNTOWN USC, CA US",2/14/2018,1.12,0,69,54
USW00093134,"LOS ANGELES DOWNTOWN USC, CA US",2/15/2018,1.34,0,71,51
USW00093134,"LOS ANGELES DOWNTOWN USC, CA US",2/16/2018,0.67,0,74,49
USW00093134,"LOS ANGELES DOWNTOWN USC, CA US",2/17/2018,1.12,0,76,49
USW00093134,"LOS ANGELES DOWNTOWN USC, CA US",2/18/2018,0.67,0,69,48
USW00093134,"LOS ANGELES DOWNTOWN USC, CA US",2/19/2018,4.7,0,59,48
USW00093134,"LOS ANGELES DOWNTOWN USC, CA US",2/20/2018,2.68,0,60,40
USW00093134,"LOS ANGELES DOWNTOWN USC, CA US",2/21/2018,2.01,0,62,47
USW00093134,"LOS ANGELES DOWNTOWN USC, CA US",2/22/2018,3.13,0,62,45
USW00093134,"LOS ANGELES DOWNTOWN USC, CA US",2/23/2018,4.92,0,59,44
USW00093134,"LOS ANGELES DOWNTOWN USC, CA US",2/24/2018,1.57,0,62,40
USW00093134,"LOS ANGELES DOWNTOWN USC, CA US",2/25/2018,1.79,0,68,44
USW00093134,"LOS ANGELES DOWNTOWN USC, CA US",2/26/2018,1.57,0.02,67,45
USW00093134,"LOS ANGELES DOWNTOWN USC, CA US",2/27/2018,1.12,0,56,43
USW00093134,"LOS ANGELES DOWNTOWN USC, CA US",2/28/2018,1.79,0,62,41
USW00093134,"LOS ANGELES DOWNTOWN USC, CA US",3/1/2018,2.24,0,63,45
USW00093134,"LOS ANGELES DOWNTOWN USC, CA US",3/2/2018,3.13,0.51,59,51
USW00093134,"LOS ANGELES DOWNTOWN USC, CA US",3/3/2018,0.67,0.05,61,48
USW00093134,"LOS ANGELES DOWNTOWN USC, CA US",3/4/2018,1.79,0,62,43
USW00093134,"LOS ANGELES DOWNTOWN USC, CA US",3/5/2018,0.45,0,72,44
USW00093134,"LOS ANGELES DOWNTOWN USC, CA US",3/6/2018,2.01,0,78,50
USW00093134,"LOS ANGELES DOWNTOWN USC, CA US",3/7/2018,0,0,72,51
USW00093134,"LOS ANGELES DOWNTOWN USC, CA US",3/8/2018,1.12,0,73,50
USW00093134,"LOS ANGELES DOWNTOWN USC, CA US",3/9/2018,1.79,0,72,55
USW00093134,"LOS ANGELES DOWNTOWN USC, CA US",3/10/2018,2.46,0.51,62,57
USW00093134,"LOS ANGELES DOWNTOWN USC, CA US",3/11/2018,2.01,0.02,69,57
USW00093134,"LOS ANGELES DOWNTOWN USC, CA US",3/12/2018,1.34,0,72,57
USW00093134,"LOS ANGELES DOWNTOWN USC, CA US",3/13/2018,1.12,0.05,70,58
USW00093134,"LOS ANGELES DOWNTOWN USC, CA US",3/14/2018,2.46,0.07,65,54
USW00093134,"LOS ANGELES DOWNTOWN USC, CA US",3/15/2018,3.58,0.17,67,51
USW00093134,"LOS ANGELES DOWNTOWN USC, CA US",3/16/2018,2.91,0.1,63,52
USW00093134,"LOS ANGELES DOWNTOWN USC, CA US",3/17/2018,1.34,0,62,50
USW00093134,"LOS ANGELES DOWNTOWN USC, CA US",3/18/2018,1.12,0,64,46
USW00093134,"LOS ANGELES DOWNTOWN USC, CA US",3/19/2018,2.01,0,74,49
USW00093134,"LOS ANGELES DOWNTOWN USC, CA US",3/20/2018,1.57,0,72,56
USW00093134,"LOS ANGELES DOWNTOWN USC, CA US",3/21/2018,2.01,0.65,65,55
USW00093134,"LOS ANGELES DOWNTOWN USC, CA US",3/22/2018,2.01,0.56,65,57
USW00093134,"LOS ANGELES DOWNTOWN USC, CA US",3/23/2018,1.57,0,69,55
USW00093134,"LOS ANGELES DOWNTOWN USC, CA US",3/24/2018,2.01,0,65,54
USW00093134,"LOS ANGELES DOWNTOWN USC, CA US",3/25/2018,,0,64,51
USW00093134,"LOS ANGELES DOWNTOWN USC, CA US",3/26/2018,,0,72,48
USW00093134,"LOS ANGELES DOWNTOWN USC, CA US",3/27/2018,,0,77,50
USW00093134,"LOS ANGELES DOWNTOWN USC, CA US",3/28/2018,1.34,0,76,52
USW00093134,"LOS ANGELES DOWNTOWN USC, CA US",3/29/2018,1.12,0,74,51
USW00093134,"LOS ANGELES DOWNTOWN USC, CA US",3/30/2018,0.89,0,76,52
USW00093134,"LOS ANGELES DOWNTOWN USC, CA US",3/31/2018,0.89,0,70,52
USW00093134,"LOS ANGELES DOWNTOWN USC, CA US",4/1/2018,2.01,0,70,55
USW00093134,"LOS ANGELES DOWNTOWN USC, CA US",4/2/2018,2.01,0,69,56
USW00093134,"LOS ANGELES DOWNTOWN USC, CA US",4/3/2018,1.79,0,70,55
USW00093134,"LOS ANGELES DOWNTOWN USC, CA US",4/4/2018,1.57,0,66,54
USW00093134,"LOS ANGELES DOWNTOWN USC, CA US",4/5/2018,0.22,0,68,57
USW00093134,"LOS ANGELES DOWNTOWN USC, CA US",4/6/2018,1.34,0,70,55
USW00093134,"LOS ANGELES DOWNTOWN USC, CA US",4/7/2018,1.79,0,72,59
USW00093134,"LOS ANGELES DOWNTOWN USC, CA US",4/8/2018,1.57,0,75,55
USW00093134,"LOS ANGELES DOWNTOWN USC, CA US",4/9/2018,1.12,0,95,56
USW00093134,"LOS ANGELES DOWNTOWN USC, CA US",4/10/2018,1.34,0,88,61
USW00093134,"LOS ANGELES DOWNTOWN USC, CA US",4/11/2018,2.01,0,80,58
USW00093134,"LOS ANGELES DOWNTOWN USC, CA US",4/12/2018,6.71,0,70,55
USW00093134,"LOS ANGELES DOWNTOWN USC, CA US",4/13/2018,1.79,0,79,56
USW00093134,"LOS ANGELES DOWNTOWN USC, CA US",4/14/2018,1.57,0,87,57
USW00093134,"LOS ANGELES DOWNTOWN USC, CA US",4/15/2018,0.89,0,79,55
USW00093134,"LOS ANGELES DOWNTOWN USC, CA US",4/16/2018,3.13,0,65,52
USW00093134,"LOS ANGELES DOWNTOWN USC, CA US",4/17/2018,2.91,0,71,51
USW00093134,"LOS ANGELES DOWNTOWN USC, CA US",4/18/2018,2.01,0,72,53
USW00093134,"LOS ANGELES DOWNTOWN USC, CA US",4/19/2018,2.24,0.02,63,51
USW00093134,"LOS ANGELES DOWNTOWN USC, CA US",4/20/2018,3.13,0,74,54
USW00093134,"LOS ANGELES DOWNTOWN USC, CA US",4/21/2018,1.34,0,83,53
USW00093134,"LOS ANGELES DOWNTOWN USC, CA US",4/22/2018,0.89,0,79,57
USW00093134,"LOS ANGELES DOWNTOWN USC, CA US",4/23/2018,1.34,0,76,55
USW00093134,"LOS ANGELES DOWNTOWN USC, CA US",4/24/2018,1.12,0,70,53
USW00093134,"LOS ANGELES DOWNTOWN USC, CA US",4/25/2018,2.01,0,70,55
USW00093134,"LOS ANGELES DOWNTOWN USC, CA US",4/26/2018,1.57,0,71,55
USW00093134,"LOS ANGELES DOWNTOWN USC, CA US",4/27/2018,1.12,0,70,55
USW00093134,"LOS ANGELES DOWNTOWN USC, CA US",4/28/2018,2.24,0,70,54
USW00093134,"LOS ANGELES DOWNTOWN USC, CA US",4/29/2018,2.01,0,69,55
USW00093134,"LOS ANGELES DOWNTOWN USC, CA US",4/30/2018,1.79,0,68,55
USW00093134,"LOS ANGELES DOWNTOWN USC, CA US",5/1/2018,2.24,0.02,61,55
USW00093134,"LOS ANGELES DOWNTOWN USC, CA US",5/2/2018,1.34,0,65,54
USW00093134,"LOS ANGELES DOWNTOWN USC, CA US",5/3/2018,2.24,0,69,52
USW00093134,"LOS ANGELES DOWNTOWN USC, CA US",5/4/2018,1.12,0,90,56
USW00093134,"LOS ANGELES DOWNTOWN USC, CA US",5/5/2018,1.79,0,86,59
USW00093134,"LOS ANGELES DOWNTOWN USC, CA US",5/6/2018,1.12,0,83,58
USW00093134,"LOS ANGELES DOWNTOWN USC, CA US",5/7/2018,0.89,0,76,55
USW00093134,"LOS ANGELES DOWNTOWN USC, CA US",5/8/2018,1.12,0,76,58
USW00093134,"LOS ANGELES DOWNTOWN USC, CA US",5/9/2018,0.89,0,75,59
USW00093134,"LOS ANGELES DOWNTOWN USC, CA US",5/10/2018,1.34,0,76,60
USW00093134,"LOS ANGELES DOWNTOWN USC, CA US",5/11/2018,3.58,0,65,60
USW00093134,"LOS ANGELES DOWNTOWN USC, CA US",5/12/2018,2.01,0,66,57
USW00093134,"LOS ANGELES DOWNTOWN USC, CA US",5/13/2018,1.57,0.03,70,58
USW00093134,"LOS ANGELES DOWNTOWN USC, CA US",5/14/2018,1.79,0,72,56
USW00093134,"LOS ANGELES DOWNTOWN USC, CA US",5/15/2018,2.24,0,71,58
USW00093134,"LOS ANGELES DOWNTOWN USC, CA US",5/16/2018,1.79,0,75,57
USW00093134,"LOS ANGELES DOWNTOWN USC, CA US",5/17/2018,1.57,0,74,57
USW00093134,"LOS ANGELES DOWNTOWN USC, CA US",5/18/2018,0.89,0,70,59
USW00093134,"LOS ANGELES DOWNTOWN USC, CA US",5/19/2018,1.34,0,68,58
USW00093134,"LOS ANGELES DOWNTOWN USC, CA US",5/20/2018,1.12,0,70,60
USW00093134,"LOS ANGELES DOWNTOWN USC, CA US",5/21/2018,0.22,0.04,67,60
USW00093134,"LOS ANGELES DOWNTOWN USC, CA US",5/22/2018,1.12,0,68,59
USW00093134,"LOS ANGELES DOWNTOWN USC, CA US",5/23/2018,2.01,0,69,59
USW00093134,"LOS ANGELES DOWNTOWN USC, CA US",5/24/2018,1.34,0,67,60
USW00093134,"LOS ANGELES DOWNTOWN USC, CA US",5/25/2018,2.68,0,69,57
USW00093134,"LOS ANGELES DOWNTOWN USC, CA US",5/26/2018,1.79,0,72,57
USW00093134,"LOS ANGELES DOWNTOWN USC, CA US",5/27/2018,1.57,0,74,58
USW00093134,"LOS ANGELES DOWNTOWN USC, CA US",5/28/2018,1.57,0,73,58
USW00093134,"LOS ANGELES DOWNTOWN USC, CA US",5/29/2018,1.12,0,72,61
USW00093134,"LOS ANGELES DOWNTOWN USC, CA US",5/30/2018,1.79,0,70,60
USW00093134,"LOS ANGELES DOWNTOWN USC, CA US",5/31/2018,1.34,0,72,60
USW00093134,"LOS ANGELES DOWNTOWN USC, CA US",6/1/2018,1.57,0,75,58
USW00093134,"LOS ANGELES DOWNTOWN USC, CA US",6/2/2018,1.12,0,80,59
USW00093134,"LOS ANGELES DOWNTOWN USC, CA US",6/3/2018,1.12,0,79,60
USW00093134,"LOS ANGELES DOWNTOWN USC, CA US",6/4/2018,1.34,0,77,60
USW00093134,"LOS ANGELES DOWNTOWN USC, CA US",6/5/2018,1.57,0,73,62
USW00093134,"LOS ANGELES DOWNTOWN USC, CA US",6/6/2018,1.34,0,74,60
USW00093134,"LOS ANGELES DOWNTOWN USC, CA US",6/7/2018,2.01,0,77,58
USW00093134,"LOS ANGELES DOWNTOWN USC, CA US",6/8/2018,1.12,0,81,59
USW00093134,"LOS ANGELES DOWNTOWN USC, CA US",6/9/2018,1.34,0,82,62
USW00093134,"LOS ANGELES DOWNTOWN USC, CA US",6/10/2018,1.34,0,80,62
USW00093134,"LOS ANGELES DOWNTOWN USC, CA US",6/11/2018,1.12,0,81,63
USW00093134,"LOS ANGELES DOWNTOWN USC, CA US",6/12/2018,1.12,0,84,63
USW00093134,"LOS ANGELES DOWNTOWN USC, CA US",6/13/2018,1.34,0,80,61
USW00093134,"LOS ANGELES DOWNTOWN USC, CA US",6/14/2018,1.34,0,88,61
USW00093134,"LOS ANGELES DOWNTOWN USC, CA US",6/15/2018,2.46,0,82,63
USW00093134,"LOS ANGELES DOWNTOWN USC, CA US",6/16/2018,3.36,0,75,64
USW00093134,"LOS ANGELES DOWNTOWN USC, CA US",6/17/2018,2.01,0,70,61
USW00093134,"LOS ANGELES DOWNTOWN USC, CA US",6/18/2018,1.79,0,72,60
USW00093134,"LOS ANGELES DOWNTOWN USC, CA US",6/19/2018,1.34,0,75,61
USW00093134,"LOS ANGELES DOWNTOWN USC, CA US",6/20/2018,1.12,0,80,60
USW00093134,"LOS ANGELES DOWNTOWN USC, CA US",6/21/2018,0.67,0,78,65
USW00093134,"LOS ANGELES DOWNTOWN USC, CA US",6/22/2018,1.57,0,78,63
USW00093134,"LOS ANGELES DOWNTOWN USC, CA US",6/23/2018,2.01,0,74,64
USW00093134,"LOS ANGELES DOWNTOWN USC, CA US",6/24/2018,1.57,0,77,63
USW00093134,"LOS ANGELES DOWNTOWN USC, CA US",6/25/2018,2.01,0,79,64
USW00093134,"LOS ANGELES DOWNTOWN USC, CA US",6/26/2018,1.79,0,78,64
USW00093134,"LOS ANGELES DOWNTOWN USC, CA US",6/27/2018,1.57,0,80,63
USW00093134,"LOS ANGELES DOWNTOWN USC, CA US",6/28/2018,1.34,0,79,63
USW00093134,"LOS ANGELES DOWNTOWN USC, CA US",6/29/2018,2.68,0,79,66
USW00093134,"LOS ANGELES DOWNTOWN USC, CA US",6/30/2018,2.68,0,80,66
USW00093134,"LOS ANGELES DOWNTOWN USC, CA US",7/1/2018,2.91,0,78,65
USW00093134,"LOS ANGELES DOWNTOWN USC, CA US",7/2/2018,2.46,0,78,64
USW00093134,"LOS ANGELES DOWNTOWN USC, CA US",7/3/2018,1.34,0,80,64
USW00093134,"LOS ANGELES DOWNTOWN USC, CA US",7/4/2018,2.01,0,82,65
USW00093134,"LOS ANGELES DOWNTOWN USC, CA US",7/5/2018,1.57,0,88,63
USW00093134,"LOS ANGELES DOWNTOWN USC, CA US",7/6/2018,2.46,0,108,69
USW00093134,"LOS ANGELES DOWNTOWN USC, CA US",7/7/2018,1.79,0,104,79
USW00093134,"LOS ANGELES DOWNTOWN USC, CA US",7/8/2018,1.12,0,98,75
USW00093134,"LOS ANGELES DOWNTOWN USC, CA US",7/9/2018,1.12,0,96,74
USW00093134,"LOS ANGELES DOWNTOWN USC, CA US",7/10/2018,1.12,0,91,73
USW00093134,"LOS ANGELES DOWNTOWN USC, CA US",7/11/2018,1.12,0,90,72
USW00093134,"LOS ANGELES DOWNTOWN USC, CA US",7/12/2018,2.24,0,88,70
USW00093134,"LOS ANGELES DOWNTOWN USC, CA US",7/13/2018,2.68,0,83,69
USW00093134,"LOS ANGELES DOWNTOWN USC, CA US",7/14/2018,2.01,0,84,69
USW00093134,"LOS ANGELES DOWNTOWN USC, CA US",7/15/2018,1.34,0,87,70
USW00093134,"LOS ANGELES DOWNTOWN USC, CA US",7/16/2018,2.01,0,84,69
USW00093134,"LOS ANGELES DOWNTOWN USC, CA US",7/17/2018,2.01,0,81,68
USW00093134,"LOS ANGELES DOWNTOWN USC, CA US",7/18/2018,1.57,0,83,69
USW00093134,"LOS ANGELES DOWNTOWN USC, CA US",7/19/2018,2.24,0,86,70
USW00093134,"LOS ANGELES DOWNTOWN USC, CA US",7/20/2018,2.68,0,82,69
USW00093134,"LOS ANGELES DOWNTOWN USC, CA US",7/21/2018,2.01,0,82,69
USW00093134,"LOS ANGELES DOWNTOWN USC, CA US",7/22/2018,1.57,0,88,68
USW00093134,"LOS ANGELES DOWNTOWN USC, CA US",7/23/2018,1.12,0,93,70
USW00093134,"LOS ANGELES DOWNTOWN USC, CA US",7/24/2018,1.34,0,94,72
USW00093134,"LOS ANGELES DOWNTOWN USC, CA US",7/25/2018,2.01,0,90,72
USW00093134,"LOS ANGELES DOWNTOWN USC, CA US",7/26/2018,1.57,0,88,71
USW00093134,"LOS ANGELES DOWNTOWN USC, CA US",7/27/2018,1.12,0,84,70
USW00093134,"LOS ANGELES DOWNTOWN USC, CA US",7/28/2018,1.12,0,86,70
USW00093134,"LOS ANGELES DOWNTOWN USC, CA US",7/29/2018,1.12,0,96,70
USW00093134,"LOS ANGELES DOWNTOWN USC, CA US",7/30/2018,1.57,0,87,70
USW00093134,"LOS ANGELES DOWNTOWN USC, CA US",7/31/2018,1.57,0,88,70
USW00093134,"LOS ANGELES DOWNTOWN USC, CA US",8/1/2018,2.01,0,90,71
USW00093134,"LOS ANGELES DOWNTOWN USC, CA US",8/2/2018,1.57,0,90,71
USW00093134,"LOS ANGELES DOWNTOWN USC, CA US",8/3/2018,1.34,0,92,70
USW00093134,"LOS ANGELES DOWNTOWN USC, CA US",8/4/2018,1.12,0,90,68
USW00093134,"LOS ANGELES DOWNTOWN USC, CA US",8/5/2018,1.34,0,89,68
USW00093134,"LOS ANGELES DOWNTOWN USC, CA US",8/6/2018,1.57,0,93,69
USW00093134,"LOS ANGELES DOWNTOWN USC, CA US",8/7/2018,1.57,0,96,71
USW00093134,"LOS ANGELES DOWNTOWN USC, CA US",8/8/2018,1.57,0,98,72
USW00093134,"LOS ANGELES DOWNTOWN USC, CA US",8/9/2018,1.12,0,97,71
USW00093134,"LOS ANGELES DOWNTOWN USC, CA US",8/10/2018,1.79,0,93,73
USW00093134,"LOS ANGELES DOWNTOWN USC, CA US",8/11/2018,2.46,0,90,73
USW00093134,"LOS ANGELES DOWNTOWN USC, CA US",8/12/2018,1.12,0,88,69
USW00093134,"LOS ANGELES DOWNTOWN USC, CA US",8/13/2018,1.34,0,86,68
USW00093134,"LOS ANGELES DOWNTOWN USC, CA US",8/14/2018,1.57,0,84,68
USW00093134,"LOS ANGELES DOWNTOWN USC, CA US",8/15/2018,1.57,0,86,69
USW00093134,"LOS ANGELES DOWNTOWN USC, CA US",8/16/2018,2.01,0,86,72
USW00093134,"LOS ANGELES DOWNTOWN USC, CA US",8/17/2018,1.79,0,87,72
USW00093134,"LOS ANGELES DOWNTOWN USC, CA US",8/18/2018,1.12,0,85,71
USW00093134,"LOS ANGELES DOWNTOWN USC, CA US",8/19/2018,1.34,0,86,69
USW00093134,"LOS ANGELES DOWNTOWN USC, CA US",8/20/2018,1.12,0,86,70
USW00093134,"LOS ANGELES DOWNTOWN USC, CA US",8/21/2018,1.57,0,86,70
USW00093134,"LOS ANGELES DOWNTOWN USC, CA US",8/22/2018,1.79,0,84,70
USW00093134,"LOS ANGELES DOWNTOWN USC, CA US",8/23/2018,1.12,0,84,68
USW00093134,"LOS ANGELES DOWNTOWN USC, CA US",8/24/2018,0.89,0,84,67
USW00093134,"LOS ANGELES DOWNTOWN USC, CA US",8/25/2018,2.01,0,81,67
USW00093134,"LOS ANGELES DOWNTOWN USC, CA US",8/26/2018,1.34,0,82,66
USW00093134,"LOS ANGELES DOWNTOWN USC, CA US",8/27/2018,1.57,0,81,67
USW00093134,"LOS ANGELES DOWNTOWN USC, CA US",8/28/2018,1.12,0,81,65
USW00093134,"LOS ANGELES DOWNTOWN USC, CA US",8/29/2018,1.34,0,85,67
USW00093134,"LOS ANGELES DOWNTOWN USC, CA US",8/30/2018,1.57,0,87,65
USW00093134,"LOS ANGELES DOWNTOWN USC, CA US",8/31/2018,1.34,0,85,65
USW00093134,"LOS ANGELES DOWNTOWN USC, CA US",9/1/2018,1.79,0,82,67
USW00093134,"LOS ANGELES DOWNTOWN USC, CA US",9/2/2018,2.01,0,79,69
USW00093134,"LOS ANGELES DOWNTOWN USC, CA US",9/3/2018,2.01,0,79,69
USW00093134,"LOS ANGELES DOWNTOWN USC, CA US",9/4/2018,1.34,0,76,68
USW00093134,"LOS ANGELES DOWNTOWN USC, CA US",9/5/2018,2.24,0,77,67
USW00093134,"LOS ANGELES DOWNTOWN USC, CA US",9/6/2018,1.79,0,76,66
USW00093134,"LOS ANGELES DOWNTOWN USC, CA US",9/7/2018,1.12,0,82,65
USW00093134,"LOS ANGELES DOWNTOWN USC, CA US",9/8/2018,1.57,0,84,65
USW00093134,"LOS ANGELES DOWNTOWN USC, CA US",9/9/2018,0.45,0,89,64
USW00093134,"LOS ANGELES DOWNTOWN USC, CA US",9/10/2018,1.79,0,84,67
USW00093134,"LOS ANGELES DOWNTOWN USC, CA US",9/11/2018,1.79,0,82,68
USW00093134,"LOS ANGELES DOWNTOWN USC, CA US",9/12/2018,2.46,0,81,66
USW00093134,"LOS ANGELES DOWNTOWN USC, CA US",9/13/2018,1.12,0,85,64
USW00093134,"LOS ANGELES DOWNTOWN USC, CA US",9/14/2018,1.34,0,92,65
USW00093134,"LOS ANGELES DOWNTOWN USC, CA US",9/15/2018,1.57,0,86,65
USW00093134,"LOS ANGELES DOWNTOWN USC, CA US",9/16/2018,0.89,0,87,64
USW00093134,"LOS ANGELES DOWNTOWN USC, CA US",9/17/2018,1.12,0,87,62
USW00093134,"LOS ANGELES DOWNTOWN USC, CA US",9/18/2018,1.34,0,85,61
USW00093134,"LOS ANGELES DOWNTOWN USC, CA US",9/19/2018,1.57,0,81,61
USW00093134,"LOS ANGELES DOWNTOWN USC, CA US",9/20/2018,2.24,0,82,63
USW00093134,"LOS ANGELES DOWNTOWN USC, CA US",9/21/2018,1.12,0,80,65
USW00093134,"LOS ANGELES DOWNTOWN USC, CA US",9/22/2018,1.57,0,81,64
USW00093134,"LOS ANGELES DOWNTOWN USC, CA US",9/23/2018,1.34,0,80,65
USW00093134,"LOS ANGELES DOWNTOWN USC, CA US",9/24/2018,1.12,0,79,64
USW00093134,"LOS ANGELES DOWNTOWN USC, CA US",9/25/2018,1.12,0,73,63
USW00093134,"LOS ANGELES DOWNTOWN USC, CA US",9/26/2018,1.34,0,80,63
USW00093134,"LOS ANGELES DOWNTOWN USC, CA US",9/27/2018,1.12,0,80,64
USW00093134,"LOS ANGELES DOWNTOWN USC, CA US",9/28/2018,1.34,0,82,64
USW00093134,"LOS ANGELES DOWNTOWN USC, CA US",9/29/2018,2.24,0,81,65
USW00093134,"LOS ANGELES DOWNTOWN USC, CA US",9/30/2018,1.12,0,85,61
USW00093134,"LOS ANGELES DOWNTOWN USC, CA US",10/1/2018,1.79,0,90,66
USW00093134,"LOS ANGELES DOWNTOWN USC, CA US",10/2/2018,1.34,0,82,67
USW00093134,"LOS ANGELES DOWNTOWN USC, CA US",10/3/2018,2.91,0,80,68
USW00093134,"LOS ANGELES DOWNTOWN USC, CA US",10/4/2018,1.79,0,79,65
USW00093134,"LOS ANGELES DOWNTOWN USC, CA US",10/5/2018,0.89,0,77,65
USW00093134,"LOS ANGELES DOWNTOWN USC, CA US",10/6/2018,1.79,0,77,64
USW00093134,"LOS ANGELES DOWNTOWN USC, CA US",10/7/2018,1.57,0,78,63
USW00093134,"LOS ANGELES DOWNTOWN USC, CA US",10/8/2018,1.12,0,77,63
USW00093134,"LOS ANGELES DOWNTOWN USC, CA US",10/9/2018,2.01,0,77,63
USW00093134,"LOS ANGELES DOWNTOWN USC, CA US",10/10/2018,1.34,0,73,63
USW00093134,"LOS ANGELES DOWNTOWN USC, CA US",10/11/2018,1.57,0,75,60
USW00093134,"LOS ANGELES DOWNTOWN USC, CA US",10/12/2018,2.46,0.42,81,60
USW00093134,"LOS ANGELES DOWNTOWN USC, CA US",10/13/2018,1.57,0.15,71,62
USW00093134,"LOS ANGELES DOWNTOWN USC, CA US",10/14/2018,1.12,0,73,62
USW00093134,"LOS ANGELES DOWNTOWN USC, CA US",10/15/2018,2.24,0,82,59
USW00093134,"LOS ANGELES DOWNTOWN USC, CA US",10/16/2018,0.89,0,83,54
USW00093134,"LOS ANGELES DOWNTOWN USC, CA US",10/17/2018,1.57,0,83,57
USW00093134,"LOS ANGELES DOWNTOWN USC, CA US",10/18/2018,1.12,0,85,58
USW00093134,"LOS ANGELES DOWNTOWN USC, CA US",10/19/2018,1.57,0,89,60
USW00093134,"LOS ANGELES DOWNTOWN USC, CA US",10/20/2018,1.57,0,90,61
USW00093134,"LOS ANGELES DOWNTOWN USC, CA US",10/21/2018,1.57,0,81,62
USW00093134,"LOS ANGELES DOWNTOWN USC, CA US",10/22/2018,1.12,0,76,63
USW00093134,"LOS ANGELES DOWNTOWN USC, CA US",10/23/2018,1.34,0,73,62
USW00093134,"LOS ANGELES DOWNTOWN USC, CA US",10/24/2018,0.89,0,79,62
USW00093134,"LOS ANGELES DOWNTOWN USC, CA US",10/25/2018,1.34,0,79,63
USW00093134,"LOS ANGELES DOWNTOWN USC, CA US",10/26/2018,1.12,0,84,61
USW00093134,"LOS ANGELES DOWNTOWN USC, CA US",10/27/2018,0.89,0,84,59
USW00093134,"LOS ANGELES DOWNTOWN USC, CA US",10/28/2018,1.12,0,81,58
USW00093134,"LOS ANGELES DOWNTOWN USC, CA US",10/29/2018,1.34,0,74,58
USW00093134,"LOS ANGELES DOWNTOWN USC, CA US",10/30/2018,0.89,0,74,61
USW00093134,"LOS ANGELES DOWNTOWN USC, CA US",10/31/2018,0.89,0,80,55
USW00093134,"LOS ANGELES DOWNTOWN USC, CA US",11/1/2018,1.12,0,82,56
USW00093134,"LOS ANGELES DOWNTOWN USC, CA US",11/2/2018,0.89,0,88,58
USW00093134,"LOS ANGELES DOWNTOWN USC, CA US",11/3/2018,0.67,0,86,58
USW00093134,"LOS ANGELES DOWNTOWN USC, CA US",11/4/2018,0.45,0,82,59
USW00093134,"LOS ANGELES DOWNTOWN USC, CA US",11/5/2018,1.34,0,77,61
USW00093134,"LOS ANGELES DOWNTOWN USC, CA US",11/6/2018,2.24,0,75,62
USW00093134,"LOS ANGELES DOWNTOWN USC, CA US",11/7/2018,1.12,0,71,60
USW00093134,"LOS ANGELES DOWNTOWN USC, CA US",11/8/2018,0.67,0,75,58
USW00093134,"LOS ANGELES DOWNTOWN USC, CA US",11/9/2018,0.89,0,82,50
USW00093134,"LOS ANGELES DOWNTOWN USC, CA US",11/10/2018,1.57,0,78,53
USW00093134,"LOS ANGELES DOWNTOWN USC, CA US",11/11/2018,0.89,0,78,50
USW00093134,"LOS ANGELES DOWNTOWN USC, CA US",11/12/2018,0.89,0,78,48
USW00093134,"LOS ANGELES DOWNTOWN USC, CA US",11/13/2018,0.22,0,76,47
USW00093134,"LOS ANGELES DOWNTOWN USC, CA US",11/14/2018,0.67,0,79,54
USW00093134,"LOS ANGELES DOWNTOWN USC, CA US",11/15/2018,1.12,0,80,51
USW00093134,"LOS ANGELES DOWNTOWN USC, CA US",11/16/2018,0.89,0,76,52
USW00093134,"LOS ANGELES DOWNTOWN USC, CA US",11/17/2018,1.34,0,72,58
USW00093134,"LOS ANGELES DOWNTOWN USC, CA US",11/18/2018,0.67,0,74,55
USW00093134,"LOS ANGELES DOWNTOWN USC, CA US",11/19/2018,0.22,0,73,52
USW00093134,"LOS ANGELES DOWNTOWN USC, CA US",11/20/2018,0.67,0,74,50
USW00093134,"LOS ANGELES DOWNTOWN USC, CA US",11/21/2018,0.67,0.07,71,53
USW00093134,"LOS ANGELES DOWNTOWN USC, CA US",11/22/2018,1.12,0.42,68,56
USW00093134,"LOS ANGELES DOWNTOWN USC, CA US",11/23/2018,0.67,0,69,54
USW00093134,"LOS ANGELES DOWNTOWN USC, CA US",11/24/2018,1.12,0,71,55
USW00093134,"LOS ANGELES DOWNTOWN USC, CA US",11/25/2018,0.45,0,76,56
USW00093134,"LOS ANGELES DOWNTOWN USC, CA US",11/26/2018,1.12,0,78,54
USW00093134,"LOS ANGELES DOWNTOWN USC, CA US",11/27/2018,1.34,0,76,56
USW00093134,"LOS ANGELES DOWNTOWN USC, CA US",11/28/2018,0.89,0.07,69,55
USW00093134,"LOS ANGELES DOWNTOWN USC, CA US",11/29/2018,2.91,1.02,65,54
USW00093134,"LOS ANGELES DOWNTOWN USC, CA US",11/30/2018,2.91,0,67,53
USW00093134,"LOS ANGELES DOWNTOWN USC, CA US",12/1/2018,1.12,0,66,48
USW00093134,"LOS ANGELES DOWNTOWN USC, CA US",12/2/2018,2.91,0,65,52
USW00093134,"LOS ANGELES DOWNTOWN USC, CA US",12/3/2018,1.57,0,68,51
USW00093134,"LOS ANGELES DOWNTOWN USC, CA US",12/4/2018,2.46,0,71,51
USW00093134,"LOS ANGELES DOWNTOWN USC, CA US",12/5/2018,4.47,0.2,61,52
USW00093134,"LOS ANGELES DOWNTOWN USC, CA US",12/6/2018,4.7,1.91,58,50
USW00093134,"LOS ANGELES DOWNTOWN USC, CA US",12/7/2018,1.34,0,70,49
USW00093134,"LOS ANGELES DOWNTOWN USC, CA US",12/8/2018,1.34,0,72,52
USW00093134,"LOS ANGELES DOWNTOWN USC, CA US",12/9/2018,1.34,0,72,53
USW00093134,"LOS ANGELES DOWNTOWN USC, CA US",12/10/2018,1.34,0,68,56
USW00093134,"LOS ANGELES DOWNTOWN USC, CA US",12/11/2018,1.57,0,70,50
USW00093134,"LOS ANGELES DOWNTOWN USC, CA US",12/12/2018,1.34,0,66,52
USW00093134,"LOS ANGELES DOWNTOWN USC, CA US",12/13/2018,1.79,0,77,48
USW00093134,"LOS ANGELES DOWNTOWN USC, CA US",12/14/2018,0.67,0,69,56
USW00093134,"LOS ANGELES DOWNTOWN USC, CA US",12/15/2018,0.89,0,72,47
USW00093134,"LOS ANGELES DOWNTOWN USC, CA US",12/16/2018,1.12,0,71,46
USW00093134,"LOS ANGELES DOWNTOWN USC, CA US",12/17/2018,1.12,0,68,55
USW00093134,"LOS ANGELES DOWNTOWN USC, CA US",12/18/2018,0.67,0,68,53
USW00093134,"LOS ANGELES DOWNTOWN USC, CA US",12/19/2018,0.67,0,75,49
USW00093134,"LOS ANGELES DOWNTOWN USC, CA US",12/20/2018,0.67,0,76,49
USW00093134,"LOS ANGELES DOWNTOWN USC, CA US",12/21/2018,0.89,0,71,55
USW00093134,"LOS ANGELES DOWNTOWN USC, CA US",12/22/2018,0.45,0,70,49
USW00093134,"LOS ANGELES DOWNTOWN USC, CA US",12/23/2018,0.22,0,67,47
USW00093134,"LOS ANGELES DOWNTOWN USC, CA US",12/24/2018,1.34,0,67,53
USW00093134,"LOS ANGELES DOWNTOWN USC, CA US",12/25/2018,3.36,0,67,52
USW00093134,"LOS ANGELES DOWNTOWN USC, CA US",12/26/2018,0.89,0,66,47
USW00093134,"LOS ANGELES DOWNTOWN USC, CA US",12/27/2018,2.91,0,67,49
USW00093134,"LOS ANGELES DOWNTOWN USC, CA US",12/28/2018,1.79,0,62,45
USW00093134,"LOS ANGELES DOWNTOWN USC, CA US",12/29/2018,0.67,0,62,39
USW00093134,"LOS ANGELES DOWNTOWN USC, CA US",12/30/2018,0.67,0,66,41
USW00093134,"LOS ANGELES DOWNTOWN USC, CA US",12/31/2018,0.67,0,63,46
USW00093134,"LOS ANGELES DOWNTOWN USC, CA US",1/1/2019,1.12,0,62,38
USW00093134,"LOS ANGELES DOWNTOWN USC, CA US",1/2/2019,1.12,0,63,38
USW00093134,"LOS ANGELES DOWNTOWN USC, CA US",1/3/2019,1.34,0,67,43
USW00093134,"LOS ANGELES DOWNTOWN USC, CA US",1/4/2019,1.79,0,66,45
USW00093134,"LOS ANGELES DOWNTOWN USC, CA US",1/5/2019,3.8,0.55,58,48
USW00093134,"LOS ANGELES DOWNTOWN USC, CA US",1/6/2019,1.57,0,61,46
USW00093134,"LOS ANGELES DOWNTOWN USC, CA US",1/7/2019,2.46,0.2,61,51
USW00093134,"LOS ANGELES DOWNTOWN USC, CA US",1/8/2019,1.79,0,72,50
USW00093134,"LOS ANGELES DOWNTOWN USC, CA US",1/9/2019,1.12,0,67,47
USW00093134,"LOS ANGELES DOWNTOWN USC, CA US",1/10/2019,0.67,0,65,49
USW00093134,"LOS ANGELES DOWNTOWN USC, CA US",1/11/2019,1.12,0,65,51
USW00093134,"LOS ANGELES DOWNTOWN USC, CA US",1/12/2019,2.68,0.74,60,52
USW00093134,"LOS ANGELES DOWNTOWN USC, CA US",1/13/2019,1.12,0,61,49
USW00093134,"LOS ANGELES DOWNTOWN USC, CA US",1/14/2019,5.59,1,57,52
USW00093134,"LOS ANGELES DOWNTOWN USC, CA US",1/15/2019,5.59,0.55,59,50
USW00093134,"LOS ANGELES DOWNTOWN USC, CA US",1/16/2019,4.92,0.99,60,53
USW00093134,"LOS ANGELES DOWNTOWN USC, CA US",1/17/2019,1.34,0.93,62,56
USW00093134,"LOS ANGELES DOWNTOWN USC, CA US",1/18/2019,0.89,0,67,54
USW00093134,"LOS ANGELES DOWNTOWN USC, CA US",1/19/2019,1.12,0,78,51
USW00093134,"LOS ANGELES DOWNTOWN USC, CA US",1/20/2019,1.12,0,74,54
USW00093134,"LOS ANGELES DOWNTOWN USC, CA US",1/21/2019,5.37,0,63,53
USW00093134,"LOS ANGELES DOWNTOWN USC, CA US",1/22/2019,1.79,0,67,47
USW00093134,"LOS ANGELES DOWNTOWN USC, CA US",1/23/2019,0.67,0,67,45
USW00093134,"LOS ANGELES DOWNTOWN USC, CA US",1/24/2019,0,0,77,46
USW00093134,"LOS ANGELES DOWNTOWN USC, CA US",1/25/2019,0.22,0,77,48
USW00093134,"LOS ANGELES DOWNTOWN USC, CA US",1/26/2019,0.67,0,77,50
USW00093134,"LOS ANGELES DOWNTOWN USC, CA US",1/27/2019,0.67,0,77,51
USW00093134,"LOS ANGELES DOWNTOWN USC, CA US",1/28/2019,0.45,0,75,50
USW00093134,"LOS ANGELES DOWNTOWN USC, CA US",1/29/2019,0.45,0,71,55
USW00093134,"LOS ANGELES DOWNTOWN USC, CA US",1/30/2019,1.12,0,68,54
USW00093134,"LOS ANGELES DOWNTOWN USC, CA US",1/31/2019,3.13,0.99,60,52
USW00093134,"LOS ANGELES DOWNTOWN USC, CA US",2/1/2019,2.01,0,64,48
USW00093134,"LOS ANGELES DOWNTOWN USC, CA US",2/2/2019,4.7,1.73,59,53
USW00093134,"LOS ANGELES DOWNTOWN USC, CA US",2/3/2019,2.68,0.46,60,52
USW00093134,"LOS ANGELES DOWNTOWN USC, CA US",2/4/2019,2.24,0.27,60,51
USW00093134,"LOS ANGELES DOWNTOWN USC, CA US",2/5/2019,3.36,0.24,56,46
USW00093134,"LOS ANGELES DOWNTOWN USC, CA US",2/6/2019,2.91,0,57,43
USW00093134,"LOS ANGELES DOWNTOWN USC, CA US",2/7/2019,2.24,0,62,43
USW00093134,"LOS ANGELES DOWNTOWN USC, CA US",2/8/2019,2.24,0,63,44
USW00093134,"LOS ANGELES DOWNTOWN USC, CA US",2/9/2019,3.36,0.26,60,47
USW00093134,"LOS ANGELES DOWNTOWN USC, CA US",2/10/2019,3.13,0.12,58,47
USW00093134,"LOS ANGELES DOWNTOWN USC, CA US",2/11/2019,2.01,0,61,40
USW00093134,"LOS ANGELES DOWNTOWN USC, CA US",2/12/2019,1.34,0,69,42
USW00093134,"LOS ANGELES DOWNTOWN USC, CA US",2/13/2019,5.59,0.09,61,52
USW00093134,"LOS ANGELES DOWNTOWN USC, CA US",2/14/2019,4.47,2.12,63,53
USW00093134,"LOS ANGELES DOWNTOWN USC, CA US",2/15/2019,1.34,0.18,61,49
USW00093134,"LOS ANGELES DOWNTOWN USC, CA US",2/16/2019,2.46,0,60,45
USW00093134,"LOS ANGELES DOWNTOWN USC, CA US",2/17/2019,3.36,0,58,44
USW00093134,"LOS ANGELES DOWNTOWN USC, CA US",2/18/2019,2.91,0,59,43
USW00093134,"LOS ANGELES DOWNTOWN USC, CA US",2/19/2019,1.57,0,60,41
USW00093134,"LOS ANGELES DOWNTOWN USC, CA US",2/20/2019,3.8,0.08,57,43
USW00093134,"LOS ANGELES DOWNTOWN USC, CA US",2/21/2019,2.01,0,57,43
USW00093134,"LOS ANGELES DOWNTOWN USC, CA US",2/22/2019,1.57,0,62,40
USW00093134,"LOS ANGELES DOWNTOWN USC, CA US",2/23/2019,3.13,0,62,46
USW00093134,"LOS ANGELES DOWNTOWN USC, CA US",2/24/2019,0.89,0,66,46
USW00093134,"LOS ANGELES DOWNTOWN USC, CA US",2/25/2019,1.79,0,68,48
USW00093134,"LOS ANGELES DOWNTOWN USC, CA US",2/26/2019,0.67,0,66,47
USW00093134,"LOS ANGELES DOWNTOWN USC, CA US",2/27/2019,1.34,0.01,66,50
USW00093134,"LOS ANGELES DOWNTOWN USC, CA US",2/28/2019,2.68,0.03,67,56
USW00093134,"LOS ANGELES DOWNTOWN USC, CA US",3/1/2019,0.67,0,66,57
USW00093134,"LOS ANGELES DOWNTOWN USC, CA US",3/2/2019,2.68,0.89,62,55
USW00093134,"LOS ANGELES DOWNTOWN USC, CA US",3/3/2019,1.79,0,63,54
USW00093134,"LOS ANGELES DOWNTOWN USC, CA US",3/4/2019,1.12,0,65,52
USW00093134,"LOS ANGELES DOWNTOWN USC, CA US",3/5/2019,1.79,0.05,67,49
USW00093134,"LOS ANGELES DOWNTOWN USC, CA US",3/6/2019,2.46,1.25,61,54
USW00093134,"LOS ANGELES DOWNTOWN USC, CA US",3/7/2019,1.57,0,62,51
USW00093134,"LOS ANGELES DOWNTOWN USC, CA US",3/8/2019,3.13,0,60,49
USW00093134,"LOS ANGELES DOWNTOWN USC, CA US",3/9/2019,3.8,0,62,50
USW00093134,"LOS ANGELES DOWNTOWN USC, CA US",3/10/2019,1.57,0,62,49
USW00093134,"LOS ANGELES DOWNTOWN USC, CA US",3/11/2019,2.24,0,67,50
USW00093134,"LOS ANGELES DOWNTOWN USC, CA US",3/12/2019,3.58,0,71,55
USW00093134,"LOS ANGELES DOWNTOWN USC, CA US",3/13/2019,2.91,0,69,51
USW00093134,"LOS ANGELES DOWNTOWN USC, CA US",3/14/2019,1.12,0,71,48
USW00093134,"LOS ANGELES DOWNTOWN USC, CA US",3/15/2019,1.34,0,76,48
USW00093134,"LOS ANGELES DOWNTOWN USC, CA US",3/16/2019,0.45,0,81,50
USW00093134,"LOS ANGELES DOWNTOWN USC, CA US",3/17/2019,2.46,0,85,57
USW00093134,"LOS ANGELES DOWNTOWN USC, CA US",3/18/2019,1.34,0,79,57
USW00093134,"LOS ANGELES DOWNTOWN USC, CA US",3/19/2019,2.24,0,69,55
USW00093134,"LOS ANGELES DOWNTOWN USC, CA US",3/20/2019,2.91,0,67,54
USW00093134,"LOS ANGELES DOWNTOWN USC, CA US",3/21/2019,0.89,0,63,52
USW00093134,"LOS ANGELES DOWNTOWN USC, CA US",3/22/2019,1.57,0,66,49
USW00093134,"LOS ANGELES DOWNTOWN USC, CA US",3/23/2019,2.46,0,66,55
USW00093134,"LOS ANGELES DOWNTOWN USC, CA US",3/24/2019,1.12,0,70,53
USW00093134,"LOS ANGELES DOWNTOWN USC, CA US",3/25/2019,1.57,0,75,53
USW00093134,"LOS ANGELES DOWNTOWN USC, CA US",3/26/2019,0.89,0,72,53
USW00093134,"LOS ANGELES DOWNTOWN USC, CA US",3/27/2019,2.91,0,70,56
USW00093134,"LOS ANGELES DOWNTOWN USC, CA US",3/28/2019,1.79,0,67,54
USW00093134,"LOS ANGELES DOWNTOWN USC, CA US",3/29/2019,1.57,0,73,51
USW00093134,"LOS ANGELES DOWNTOWN USC, CA US",3/30/2019,1.79,0,80,54
USW00093134,"LOS ANGELES DOWNTOWN USC, CA US",3/31/2019,1.34,0,85,60
USW00093134,"LOS ANGELES DOWNTOWN USC, CA US",4/1/2019,2.01,0,84,61
USW00093134,"LOS ANGELES DOWNTOWN USC, CA US",4/2/2019,2.24,0,71,59
USW00093134,"LOS ANGELES DOWNTOWN USC, CA US",4/3/2019,1.57,0,67,57
USW00093134,"LOS ANGELES DOWNTOWN USC, CA US",4/4/2019,0.89,0.01,67,56
USW00093134,"LOS ANGELES DOWNTOWN USC, CA US",4/5/2019,2.91,0,67,54
USW00093134,"LOS ANGELES DOWNTOWN USC, CA US",4/6/2019,0.89,0,70,56
USW00093134,"LOS ANGELES DOWNTOWN USC, CA US",4/7/2019,0.67,0,79,56
USW00093134,"LOS ANGELES DOWNTOWN USC, CA US",4/8/2019,1.12,0,87,60
USW00093134,"LOS ANGELES DOWNTOWN USC, CA US",4/9/2019,4.7,0,80,62
USW00093134,"LOS ANGELES DOWNTOWN USC, CA US",4/10/2019,6.04,0,77,59
USW00093134,"LOS ANGELES DOWNTOWN USC, CA US",4/11/2019,1.79,0,74,57
USW00093134,"LOS ANGELES DOWNTOWN USC, CA US",4/12/2019,2.46,0,77,57
USW00093134,"LOS ANGELES DOWNTOWN USC, CA US",4/13/2019,2.01,0,79,56
USW00093134,"LOS ANGELES DOWNTOWN USC, CA US",4/14/2019,1.57,0,73,54
USW00093134,"LOS ANGELES DOWNTOWN USC, CA US",4/15/2019,1.57,0,67,52
USW00093134,"LOS ANGELES DOWNTOWN USC, CA US",4/16/2019,2.91,0,65,57
USW00093134,"LOS ANGELES DOWNTOWN USC, CA US",4/17/2019,1.79,0,75,54
USW00093134,"LOS ANGELES DOWNTOWN USC, CA US",4/18/2019,2.46,0,82,56
USW00093134,"LOS ANGELES DOWNTOWN USC, CA US",4/19/2019,1.57,0,73,57
USW00093134,"LOS ANGELES DOWNTOWN USC, CA US",4/20/2019,1.57,0,66,57
USW00093134,"LOS ANGELES DOWNTOWN USC, CA US",4/21/2019,1.79,0,70,55
USW00093134,"LOS ANGELES DOWNTOWN USC, CA US",4/22/2019,1.12,0,69,55
USW00093134,"LOS ANGELES DOWNTOWN USC, CA US",4/23/2019,1.57,0,78,56
USW00093134,"LOS ANGELES DOWNTOWN USC, CA US",4/24/2019,1.34,0,79,58
USW00093134,"LOS ANGELES DOWNTOWN USC, CA US",4/25/2019,1.34,0,77,58
USW00093134,"LOS ANGELES DOWNTOWN USC, CA US",4/26/2019,2.24,0,71,58
USW00093134,"LOS ANGELES DOWNTOWN USC, CA US",4/27/2019,1.34,0,69,59
USW00093134,"LOS ANGELES DOWNTOWN USC, CA US",4/28/2019,1.57,0,70,58
USW00093134,"LOS ANGELES DOWNTOWN USC, CA US",4/29/2019,2.46,0.01,68,56
USW00093134,"LOS ANGELES DOWNTOWN USC, CA US",4/30/2019,2.01,0,67,57
USW00093134,"LOS ANGELES DOWNTOWN USC, CA US",5/1/2019,2.24,0,70,54
USW00093134,"LOS ANGELES DOWNTOWN USC, CA US",5/2/2019,1.57,0,69,55
USW00093134,"LOS ANGELES DOWNTOWN USC, CA US",5/3/2019,2.46,0,73,56
USW00093134,"LOS ANGELES DOWNTOWN USC, CA US",5/4/2019,2.01,0,73,59
USW00093134,"LOS ANGELES DOWNTOWN USC, CA US",5/5/2019,2.01,0.01,72,58
USW00093134,"LOS ANGELES DOWNTOWN USC, CA US",5/6/2019,2.24,0.02,69,57
USW00093134,"LOS ANGELES DOWNTOWN USC, CA US",5/7/2019,1.12,0,67,57
USW00093134,"LOS ANGELES DOWNTOWN USC, CA US",5/8/2019,1.57,0,65,59
USW00093134,"LOS ANGELES DOWNTOWN USC, CA US",5/9/2019,0.89,0,66,60
USW00093134,"LOS ANGELES DOWNTOWN USC, CA US",5/10/2019,0.89,0,69,59
USW00093134,"LOS ANGELES DOWNTOWN USC, CA US",5/11/2019,2.01,0,75,57
USW00093134,"LOS ANGELES DOWNTOWN USC, CA US",5/12/2019,1.79,0,75,61
USW00093134,"LOS ANGELES DOWNTOWN USC, CA US",5/13/2019,0.89,0,71,62
USW00093134,"LOS ANGELES DOWNTOWN USC, CA US",5/14/2019,1.12,0,73,60
USW00093134,"LOS ANGELES DOWNTOWN USC, CA US",5/15/2019,2.24,0,68,60
USW00093134,"LOS ANGELES DOWNTOWN USC, CA US",5/16/2019,4.7,0.48,67,58
USW00093134,"LOS ANGELES DOWNTOWN USC, CA US",5/17/2019,2.46,0,72,54
USW00093134,"LOS ANGELES DOWNTOWN USC, CA US",5/18/2019,2.68,0.01,72,56
USW00093134,"LOS ANGELES DOWNTOWN USC, CA US",5/19/2019,4.25,0.21,65,52
USW00093134,"LOS ANGELES DOWNTOWN USC, CA US",5/20/2019,1.79,0,69,54
USW00093134,"LOS ANGELES DOWNTOWN USC, CA US",5/21/2019,2.24,0,67,58
USW00093134,"LOS ANGELES DOWNTOWN USC, CA US",5/22/2019,2.01,0.04,68,56
USW00093134,"LOS ANGELES DOWNTOWN USC, CA US",5/23/2019,2.91,0,64,56
USW00093134,"LOS ANGELES DOWNTOWN USC, CA US",5/24/2019,2.24,0,71,53
USW00093134,"LOS ANGELES DOWNTOWN USC, CA US",5/25/2019,1.57,0,71,56
USW00093134,"LOS ANGELES DOWNTOWN USC, CA US",5/26/2019,1.57,0.04,62,53
USW00093134,"LOS ANGELES DOWNTOWN USC, CA US",5/27/2019,2.01,0,68,49
USW00093134,"LOS ANGELES DOWNTOWN USC, CA US",5/28/2019,1.57,0,71,55
USW00093134,"LOS ANGELES DOWNTOWN USC, CA US",5/29/2019,2.46,0,77,57
USW00093134,"LOS ANGELES DOWNTOWN USC, CA US",5/30/2019,1.57,0,76,59
USW00093134,"LOS ANGELES DOWNTOWN USC, CA US",5/31/2019,2.24,0,72,59
USW00093134,"LOS ANGELES DOWNTOWN USC, CA US",6/1/2019,1.34,0,67,61
USW00093134,"LOS ANGELES DOWNTOWN USC, CA US",6/2/2019,1.34,0,67,60
USW00093134,"LOS ANGELES DOWNTOWN USC, CA US",6/3/2019,1.34,0,70,60
USW00093134,"LOS ANGELES DOWNTOWN USC, CA US",6/4/2019,1.57,0,74,61
USW00093134,"LOS ANGELES DOWNTOWN USC, CA US",6/5/2019,1.34,0,75,63
USW00093134,"LOS ANGELES DOWNTOWN USC, CA US",6/6/2019,1.79,0,75,63
USW00093134,"LOS ANGELES DOWNTOWN USC, CA US",6/7/2019,1.34,0,72,62
USW00093134,"LOS ANGELES DOWNTOWN USC, CA US",6/8/2019,2.01,0,79,63
USW00093134,"LOS ANGELES DOWNTOWN USC, CA US",6/9/2019,1.79,0,82,63
USW00093134,"LOS ANGELES DOWNTOWN USC, CA US",6/10/2019,1.79,0,92,63
USW00093134,"LOS ANGELES DOWNTOWN USC, CA US",6/11/2019,2.01,0,90,65
USW00093134,"LOS ANGELES DOWNTOWN USC, CA US",6/12/2019,1.34,0,80,63
USW00093134,"LOS ANGELES DOWNTOWN USC, CA US",6/13/2019,1.34,0,73,62
USW00093134,"LOS ANGELES DOWNTOWN USC, CA US",6/14/2019,1.57,0,73,63
USW00093134,"LOS ANGELES DOWNTOWN USC, CA US",6/15/2019,1.34,0,75,64
USW00093134,"LOS ANGELES DOWNTOWN USC, CA US",6/16/2019,1.34,0,73,63
USW00093134,"LOS ANGELES DOWNTOWN USC, CA US",6/17/2019,1.12,0,73,63
USW00093134,"LOS ANGELES DOWNTOWN USC, CA US",6/18/2019,2.24,0,72,63
USW00093134,"LOS ANGELES DOWNTOWN USC, CA US",6/19/2019,2.01,0,79,65
USW00093134,"LOS ANGELES DOWNTOWN USC, CA US",6/20/2019,0.67,0,73,65
USW00093134,"LOS ANGELES DOWNTOWN USC, CA US",6/21/2019,1.79,0,71,62
USW00093134,"LOS ANGELES DOWNTOWN USC, CA US",6/22/2019,2.24,0,74,63
USW00093134,"LOS ANGELES DOWNTOWN USC, CA US",6/23/2019,2.68,0,77,62
USW00093134,"LOS ANGELES DOWNTOWN USC, CA US",6/24/2019,1.34,0,72,63
USW00093134,"LOS ANGELES DOWNTOWN USC, CA US",6/25/2019,2.01,0,71,64
USW00093134,"LOS ANGELES DOWNTOWN USC, CA US",6/26/2019,1.79,0,73,62
USW00093134,"LOS ANGELES DOWNTOWN USC, CA US",6/27/2019,2.01,0,77,62
USW00093134,"LOS ANGELES DOWNTOWN USC, CA US",6/28/2019,2.01,0,81,63
USW00093134,"LOS ANGELES DOWNTOWN USC, CA US",6/29/2019,1.79,0,85,60
USW00093134,"LOS ANGELES DOWNTOWN USC, CA US",6/30/2019,1.79,0,86,63
USW00093134,"LOS ANGELES DOWNTOWN USC, CA US",7/1/2019,1.57,0,84,64
USW00093134,"LOS ANGELES DOWNTOWN USC, CA US",7/2/2019,1.12,0,82,65
USW00093134,"LOS ANGELES DOWNTOWN USC, CA US",7/3/2019,2.91,0,80,65
USW00093134,"LOS ANGELES DOWNTOWN USC, CA US",7/4/2019,2.24,0,75,64
USW00093134,"LOS ANGELES DOWNTOWN USC, CA US",7/5/2019,2.24,0,78,62
USW00093134,"LOS ANGELES DOWNTOWN USC, CA US",7/6/2019,1.12,0,78,64
USW00093134,"LOS ANGELES DOWNTOWN USC, CA US",7/7/2019,2.01,0,75,65
USW00093134,"LOS ANGELES DOWNTOWN USC, CA US",7/8/2019,2.24,0,75,65
USW00093134,"LOS ANGELES DOWNTOWN USC, CA US",7/9/2019,2.01,0,80,63
USW00093134,"LOS ANGELES DOWNTOWN USC, CA US",7/10/2019,2.01,0,79,63
USW00093134,"LOS ANGELES DOWNTOWN USC, CA US",7/11/2019,2.01,0,85,63
USW00093134,"LOS ANGELES DOWNTOWN USC, CA US",7/12/2019,0.89,0,86,64
USW00093134,"LOS ANGELES DOWNTOWN USC, CA US",7/13/2019,1.12,0,85,65
USW00093134,"LOS ANGELES DOWNTOWN USC, CA US",7/14/2019,1.12,0,81,66
USW00093134,"LOS ANGELES DOWNTOWN USC, CA US",7/15/2019,0.89,0,84,63
USW00093134,"LOS ANGELES DOWNTOWN USC, CA US",7/16/2019,1.57,0,85,65
USW00093134,"LOS ANGELES DOWNTOWN USC, CA US",7/17/2019,1.34,0,82,67
USW00093134,"LOS ANGELES DOWNTOWN USC, CA US",7/18/2019,2.24,0,82,65
USW00093134,"LOS ANGELES DOWNTOWN USC, CA US",7/19/2019,2.24,0,82,64
USW00093134,"LOS ANGELES DOWNTOWN USC, CA US",7/20/2019,2.01,0,80,65
USW00093134,"LOS ANGELES DOWNTOWN USC, CA US",7/21/2019,2.24,0,81,64
USW00093134,"LOS ANGELES DOWNTOWN USC, CA US",7/22/2019,1.34,0,85,64
USW00093134,"LOS ANGELES DOWNTOWN USC, CA US",7/23/2019,2.46,0,92,69
USW00093134,"LOS ANGELES DOWNTOWN USC, CA US",7/24/2019,0.89,0,95,71
USW00093134,"LOS ANGELES DOWNTOWN USC, CA US",7/25/2019,1.57,0,93,72
USW00093134,"LOS ANGELES DOWNTOWN USC, CA US",7/26/2019,1.57,0,91,69
USW00093134,"LOS ANGELES DOWNTOWN USC, CA US",7/27/2019,1.12,0,90,69
USW00093134,"LOS ANGELES DOWNTOWN USC, CA US",7/28/2019,1.34,0,85,68
USW00093134,"LOS ANGELES DOWNTOWN USC, CA US",7/29/2019,1.12,0,83,66
USW00093134,"LOS ANGELES DOWNTOWN USC, CA US",7/30/2019,2.24,0,84,67
USW00093134,"LOS ANGELES DOWNTOWN USC, CA US",7/31/2019,1.79,0,83,67
USW00093134,"LOS ANGELES DOWNTOWN USC, CA US",8/1/2019,1.34,0,83,66
USW00093134,"LOS ANGELES DOWNTOWN USC, CA US",8/2/2019,2.01,0,84,66
USW00093134,"LOS ANGELES DOWNTOWN USC, CA US",8/3/2019,1.57,0,87,66
USW00093134,"LOS ANGELES DOWNTOWN USC, CA US",8/4/2019,1.12,0,86,66
USW00093134,"LOS ANGELES DOWNTOWN USC, CA US",8/5/2019,2.01,0,85,64
USW00093134,"LOS ANGELES DOWNTOWN USC, CA US",8/6/2019,2.01,0,88,67
USW00093134,"LOS ANGELES DOWNTOWN USC, CA US",8/7/2019,1.57,0,83,65
USW00093134,"LOS ANGELES DOWNTOWN USC, CA US",8/8/2019,1.79,0,80,64
USW00093134,"LOS ANGELES DOWNTOWN USC, CA US",8/9/2019,1.12,0,83,64
USW00093134,"LOS ANGELES DOWNTOWN USC, CA US",8/10/2019,1.34,0,83,64
USW00093134,"LOS ANGELES DOWNTOWN USC, CA US",8/11/2019,1.57,0,84,65
USW00093134,"LOS ANGELES DOWNTOWN USC, CA US",8/12/2019,1.57,0,84,64
USW00093134,"LOS ANGELES DOWNTOWN USC, CA US",8/13/2019,1.79,0,83,65
USW00093134,"LOS ANGELES DOWNTOWN USC, CA US",8/14/2019,1.79,0,83,63
USW00093134,"LOS ANGELES DOWNTOWN USC, CA US",8/15/2019,1.79,0,82,62
USW00093134,"LOS ANGELES DOWNTOWN USC, CA US",8/16/2019,2.68,0,81,63
USW00093134,"LOS ANGELES DOWNTOWN USC, CA US",8/17/2019,1.57,0,81,67
USW00093134,"LOS ANGELES DOWNTOWN USC, CA US",8/18/2019,2.01,0,80,65
USW00093134,"LOS ANGELES DOWNTOWN USC, CA US",8/19/2019,1.12,0,82,65
USW00093134,"LOS ANGELES DOWNTOWN USC, CA US",8/20/2019,0.89,0,86,65
USW00093134,"LOS ANGELES DOWNTOWN USC, CA US",8/21/2019,1.34,0,90,63
USW00093134,"LOS ANGELES DOWNTOWN USC, CA US",8/22/2019,2.46,0,84,67
USW00093134,"LOS ANGELES DOWNTOWN USC, CA US",8/23/2019,2.01,0,83,66
USW00093134,"LOS ANGELES DOWNTOWN USC, CA US",8/24/2019,1.12,0,88,67
USW00093134,"LOS ANGELES DOWNTOWN USC, CA US",8/25/2019,1.34,0,89,68
USW00093134,"LOS ANGELES DOWNTOWN USC, CA US",8/26/2019,2.01,0,92,69
USW00093134,"LOS ANGELES DOWNTOWN USC, CA US",8/27/2019,2.01,0,89,70
USW00093134,"LOS ANGELES DOWNTOWN USC, CA US",8/28/2019,1.12,0,86,70
USW00093134,"LOS ANGELES DOWNTOWN USC, CA US",8/29/2019,2.01,0,86,69
USW00093134,"LOS ANGELES DOWNTOWN USC, CA US",8/30/2019,1.57,0,90,71
USW00093134,"LOS ANGELES DOWNTOWN USC, CA US",8/31/2019,1.34,0,89,69
USW00093134,"LOS ANGELES DOWNTOWN USC, CA US",9/1/2019,1.12,0,85,68
USW00093134,"LOS ANGELES DOWNTOWN USC, CA US",9/2/2019,1.12,0,97,71
USW00093134,"LOS ANGELES DOWNTOWN USC, CA US",9/3/2019,1.34,0,92,72
USW00093134,"LOS ANGELES DOWNTOWN USC, CA US",9/4/2019,2.01,0,95,72
USW00093134,"LOS ANGELES DOWNTOWN USC, CA US",9/5/2019,1.12,0,94,73
USW00093134,"LOS ANGELES DOWNTOWN USC, CA US",9/6/2019,2.24,0,93,73
USW00093134,"LOS ANGELES DOWNTOWN USC, CA US",9/7/2019,1.34,0,89,67
USW00093134,"LOS ANGELES DOWNTOWN USC, CA US",9/8/2019,1.12,0,81,65
USW00093134,"LOS ANGELES DOWNTOWN USC, CA US",9/9/2019,2.01,0,82,66
USW00093134,"LOS ANGELES DOWNTOWN USC, CA US",9/10/2019,3.13,0,79,68
USW00093134,"LOS ANGELES DOWNTOWN USC, CA US",9/11/2019,2.46,0,82,68
USW00093134,"LOS ANGELES DOWNTOWN USC, CA US",9/12/2019,1.79,0,85,66
USW00093134,"LOS ANGELES DOWNTOWN USC, CA US",9/13/2019,1.79,0,91,67
USW00093134,"LOS ANGELES DOWNTOWN USC, CA US",9/14/2019,1.12,0,95,70
USW00093134,"LOS ANGELES DOWNTOWN USC, CA US",9/15/2019,1.57,0,87,67
USW00093134,"LOS ANGELES DOWNTOWN USC, CA US",9/16/2019,1.79,0,83,67
USW00093134,"LOS ANGELES DOWNTOWN USC, CA US",9/17/2019,1.34,0,83,68
USW00093134,"LOS ANGELES DOWNTOWN USC, CA US",9/18/2019,1.34,0,83,67
USW00093134,"LOS ANGELES DOWNTOWN USC, CA US",9/19/2019,2.68,0,82,67
USW00093134,"LOS ANGELES DOWNTOWN USC, CA US",9/20/2019,1.79,0,82,65
USW00093134,"LOS ANGELES DOWNTOWN USC, CA US",9/21/2019,1.79,0,87,65
USW00093134,"LOS ANGELES DOWNTOWN USC, CA US",9/22/2019,0.67,0,94,67
USW00093134,"LOS ANGELES DOWNTOWN USC, CA US",9/23/2019,1.12,0,84,67
USW00093134,"LOS ANGELES DOWNTOWN USC, CA US",9/24/2019,1.34,0,85,65
USW00093134,"LOS ANGELES DOWNTOWN USC, CA US",9/25/2019,2.68,0,86,69
USW00093134,"LOS ANGELES DOWNTOWN USC, CA US",9/26/2019,1.79,0,79,70
USW00093134,"LOS ANGELES DOWNTOWN USC, CA US",9/27/2019,2.24,0,77,69
USW00093134,"LOS ANGELES DOWNTOWN USC, CA US",9/28/2019,0.67,0.03,72,64
USW00093134,"LOS ANGELES DOWNTOWN USC, CA US",9/29/2019,1.12,0,76,60
USW00093134,"LOS ANGELES DOWNTOWN USC, CA US",9/30/2019,1.79,0,76,57
USW00093134,"LOS ANGELES DOWNTOWN USC, CA US",10/1/2019,2.24,0,76,59
USW00093134,"LOS ANGELES DOWNTOWN USC, CA US",10/2/2019,1.57,0,81,60
USW00093134,"LOS ANGELES DOWNTOWN USC, CA US",10/3/2019,0.89,0,79,59
USW00093134,"LOS ANGELES DOWNTOWN USC, CA US",10/4/2019,1.57,0,79,59
USW00093134,"LOS ANGELES DOWNTOWN USC, CA US",10/5/2019,0.89,0,83,60
USW00093134,"LOS ANGELES DOWNTOWN USC, CA US",10/6/2019,0.89,0,89,58
USW00093134,"LOS ANGELES DOWNTOWN USC, CA US",10/7/2019,1.12,0,85,60
USW00093134,"LOS ANGELES DOWNTOWN USC, CA US",10/8/2019,1.12,0,81,60
USW00093134,"LOS ANGELES DOWNTOWN USC, CA US",10/9/2019,1.57,0,77,62
USW00093134,"LOS ANGELES DOWNTOWN USC, CA US",10/10/2019,0.89,0,83,65
USW00093134,"LOS ANGELES DOWNTOWN USC, CA US",10/11/2019,1.79,0,89,57
USW00093134,"LOS ANGELES DOWNTOWN USC, CA US",10/12/2019,1.34,0,86,60
USW00093134,"LOS ANGELES DOWNTOWN USC, CA US",10/13/2019,1.57,0,78,57
USW00093134,"LOS ANGELES DOWNTOWN USC, CA US",10/14/2019,1.12,0,76,62
USW00093134,"LOS ANGELES DOWNTOWN USC, CA US",10/15/2019,1.57,0,83,60
USW00093134,"LOS ANGELES DOWNTOWN USC, CA US",10/16/2019,0.67,0,95,62
USW00093134,"LOS ANGELES DOWNTOWN USC, CA US",10/17/2019,2.91,0,79,64
USW00093134,"LOS ANGELES DOWNTOWN USC, CA US",10/18/2019,2.01,0,77,62
USW00093134,"LOS ANGELES DOWNTOWN USC, CA US",10/19/2019,1.34,0,80,60
USW00093134,"LOS ANGELES DOWNTOWN USC, CA US",10/20/2019,2.01,0,88,62
USW00093134,"LOS ANGELES DOWNTOWN USC, CA US",10/21/2019,1.57,0,92,67
USW00093134,"LOS ANGELES DOWNTOWN USC, CA US",10/22/2019,1.12,0,97,64
USW00093134,"LOS ANGELES DOWNTOWN USC, CA US",10/23/2019,0.45,0,93,64
USW00093134,"LOS ANGELES DOWNTOWN USC, CA US",10/24/2019,0.67,0,97,64
USW00093134,"LOS ANGELES DOWNTOWN USC, CA US",10/25/2019,1.34,0,93,64
USW00093134,"LOS ANGELES DOWNTOWN USC, CA US",10/26/2019,1.34,0,89,64
USW00093134,"LOS ANGELES DOWNTOWN USC, CA US",10/27/2019,2.24,0,74,62
USW00093134,"LOS ANGELES DOWNTOWN USC, CA US",10/28/2019,0.89,0,77,57
USW00093134,"LOS ANGELES DOWNTOWN USC, CA US",10/29/2019,1.57,0,73,54
USW00093134,"LOS ANGELES DOWNTOWN USC, CA US",10/30/2019,2.68,0,77,55
USW00093134,"LOS ANGELES DOWNTOWN USC, CA US",10/31/2019,2.01,0,79,53
USW00093134,"LOS ANGELES DOWNTOWN USC, CA US",11/1/2019,2.24,0,84,57
USW00093134,"LOS ANGELES DOWNTOWN USC, CA US",11/2/2019,0.67,0,86,55
USW00093134,"LOS ANGELES DOWNTOWN USC, CA US",11/3/2019,1.12,0,81,52
USW00093134,"LOS ANGELES DOWNTOWN USC, CA US",11/4/2019,0.67,0,82,53
USW00093134,"LOS ANGELES DOWNTOWN USC, CA US",11/5/2019,0.89,0,80,53
USW00093134,"LOS ANGELES DOWNTOWN USC, CA US",11/6/2019,0.89,0,73,55
USW00093134,"LOS ANGELES DOWNTOWN USC, CA US",11/7/2019,1.12,0,75,60
USW00093134,"LOS ANGELES DOWNTOWN USC, CA US",11/8/2019,0.89,0,85,55
USW00093134,"LOS ANGELES DOWNTOWN USC, CA US",11/9/2019,1.12,0,91,59
USW00093134,"LOS ANGELES DOWNTOWN USC, CA US",11/10/2019,1.12,0,77,57
USW00093134,"LOS ANGELES DOWNTOWN USC, CA US",11/11/2019,1.12,0,73,62
USW00093134,"LOS ANGELES DOWNTOWN USC, CA US",11/12/2019,1.12,0,77,59
USW00093134,"LOS ANGELES DOWNTOWN USC, CA US",11/13/2019,1.12,0,73,59
USW00093134,"LOS ANGELES DOWNTOWN USC, CA US",11/14/2019,0.89,0,72,57
USW00093134,"LOS ANGELES DOWNTOWN USC, CA US",11/15/2019,0.67,0,72,58
USW00093134,"LOS ANGELES DOWNTOWN USC, CA US",11/16/2019,0.45,0,80,53
USW00093134,"LOS ANGELES DOWNTOWN USC, CA US",11/17/2019,0.67,0,92,55
USW00093134,"LOS ANGELES DOWNTOWN USC, CA US",11/18/2019,1.79,0,92,63
USW00093134,"LOS ANGELES DOWNTOWN USC, CA US",11/19/2019,0.89,0,80,61
USW00093134,"LOS ANGELES DOWNTOWN USC, CA US",11/20/2019,3.13,0.63,64,52
USW00093134,"LOS ANGELES DOWNTOWN USC, CA US",11/21/2019,1.34,0,68,54
USW00093134,"LOS ANGELES DOWNTOWN USC, CA US",11/22/2019,1.34,0,72,54
USW00093134,"LOS ANGELES DOWNTOWN USC, CA US",11/23/2019,0.45,0,76,55
USW00093134,"LOS ANGELES DOWNTOWN USC, CA US",11/24/2019,0.89,0,78,52
USW00093134,"LOS ANGELES DOWNTOWN USC, CA US",11/25/2019,1.79,0,71,51
USW00093134,"LOS ANGELES DOWNTOWN USC, CA US",11/26/2019,0.67,0,68,54
USW00093134,"LOS ANGELES DOWNTOWN USC, CA US",11/27/2019,2.01,0.49,59,50
USW00093134,"LOS ANGELES DOWNTOWN USC, CA US",11/28/2019,5.37,1,52,47
USW00093134,"LOS ANGELES DOWNTOWN USC, CA US",11/29/2019,1.79,0,60,43
USW00093134,"LOS ANGELES DOWNTOWN USC, CA US",11/30/2019,2.01,0,61,47
USW00093134,"LOS ANGELES DOWNTOWN USC, CA US",12/1/2019,0.22,0,65,52
USW00093134,"LOS ANGELES DOWNTOWN USC, CA US",12/2/2019,0.89,0,71,51
USW00093134,"LOS ANGELES DOWNTOWN USC, CA US",12/3/2019,0.45,0,69,54
USW00093134,"LOS ANGELES DOWNTOWN USC, CA US",12/4/2019,2.68,1.12,64,57
USW00093134,"LOS ANGELES DOWNTOWN USC, CA US",12/5/2019,0.89,0,69,53
USW00093134,"LOS ANGELES DOWNTOWN USC, CA US",12/6/2019,0.89,0.04,69,56
USW00093134,"LOS ANGELES DOWNTOWN USC, CA US",12/7/2019,1.34,0.01,68,62
USW00093134,"LOS ANGELES DOWNTOWN USC, CA US",12/8/2019,1.12,0.2,66,57
USW00093134,"LOS ANGELES DOWNTOWN USC, CA US",12/9/2019,0.89,0,71,52
USW00093134,"LOS ANGELES DOWNTOWN USC, CA US",12/10/2019,0.67,0,69,51
USW00093134,"LOS ANGELES DOWNTOWN USC, CA US",12/11/2019,0.89,0,69,50
USW00093134,"LOS ANGELES DOWNTOWN USC, CA US",12/12/2019,0,0,74,53
USW00093134,"LOS ANGELES DOWNTOWN USC, CA US",12/13/2019,0.67,0,71,54
USW00093134,"LOS ANGELES DOWNTOWN USC, CA US",12/14/2019,0.67,0,68,56
USW00093134,"LOS ANGELES DOWNTOWN USC, CA US",12/15/2019,3.8,0,64,53
USW00093134,"LOS ANGELES DOWNTOWN USC, CA US",12/16/2019,1.34,0,70,48
USW00093134,"LOS ANGELES DOWNTOWN USC, CA US",12/17/2019,1.79,0,71,43
USW00093134,"LOS ANGELES DOWNTOWN USC, CA US",12/18/2019,1.79,0,65,46
USW00093134,"LOS ANGELES DOWNTOWN USC, CA US",12/19/2019,0.67,0,69,45
USW00093134,"LOS ANGELES DOWNTOWN USC, CA US",12/20/2019,1.34,0,77,50
USW00093134,"LOS ANGELES DOWNTOWN USC, CA US",12/21/2019,0.89,0,75,52
USW00093134,"LOS ANGELES DOWNTOWN USC, CA US",12/22/2019,4.47,0.8,69,54
USW00093134,"LOS ANGELES DOWNTOWN USC, CA US",12/23/2019,6.49,0.92,60,51
USW00093134,"LOS ANGELES DOWNTOWN USC, CA US",12/24/2019,1.57,0,64,48
USW00093134,"LOS ANGELES DOWNTOWN USC, CA US",12/25/2019,4.7,1.07,61,51
USW00093134,"LOS ANGELES DOWNTOWN USC, CA US",12/26/2019,4.7,0.68,56,47
USW00093134,"LOS ANGELES DOWNTOWN USC, CA US",12/27/2019,1.34,0,66,44
USW00093134,"LOS ANGELES DOWNTOWN USC, CA US",12/28/2019,0.22,0,64,44
USW00093134,"LOS ANGELES DOWNTOWN USC, CA US",12/29/2019,0.89,0,63,47
USW00093134,"LOS ANGELES DOWNTOWN USC, CA US",12/30/2019,2.24,0,66,54
USW00093134,"LOS ANGELES DOWNTOWN USC, CA US",12/31/2019,0.67,0,75,49
USW00093134,"LOS ANGELES DOWNTOWN USC, CA US",1/1/2020,1.34,0,70,49
USW00093134,"LOS ANGELES DOWNTOWN USC, CA US",1/2/2020,1.34,0,70,50
USW00093134,"LOS ANGELES DOWNTOWN USC, CA US",1/3/2020,0.89,0,76,51
USW00093134,"LOS ANGELES DOWNTOWN USC, CA US",1/4/2020,0.67,0,72,48
USW00093134,"LOS ANGELES DOWNTOWN USC, CA US",1/5/2020,0.67,0,71,48
USW00093134,"LOS ANGELES DOWNTOWN USC, CA US",1/6/2020,0.89,0,79,48
USW00093134,"LOS ANGELES DOWNTOWN USC, CA US",1/7/2020,2.46,0,79,56
USW00093134,"LOS ANGELES DOWNTOWN USC, CA US",1/8/2020,1.57,0,66,53
USW00093134,"LOS ANGELES DOWNTOWN USC, CA US",1/9/2020,1.57,0,64,51
USW00093134,"LOS ANGELES DOWNTOWN USC, CA US",1/10/2020,1.12,0,67,47
USW00093134,"LOS ANGELES DOWNTOWN USC, CA US",1/11/2020,0.89,0,65,46
USW00093134,"LOS ANGELES DOWNTOWN USC, CA US",1/12/2020,1.12,0,65,49
USW00093134,"LOS ANGELES DOWNTOWN USC, CA US",1/13/2020,0.67,0,65,49
USW00093134,"LOS ANGELES DOWNTOWN USC, CA US",1/14/2020,0.45,0,65,48
USW00093134,"LOS ANGELES DOWNTOWN USC, CA US",1/15/2020,0.22,0,67,47
USW00093134,"LOS ANGELES DOWNTOWN USC, CA US",1/16/2020,1.34,0.15,63,50
USW00093134,"LOS ANGELES DOWNTOWN USC, CA US",1/17/2020,2.01,0.15,65,49
USW00093134,"LOS ANGELES DOWNTOWN USC, CA US",1/18/2020,1.57,0,73,49
USW00093134,"LOS ANGELES DOWNTOWN USC, CA US",1/19/2020,2.01,0,77,54
USW00093134,"LOS ANGELES DOWNTOWN USC, CA US",1/20/2020,0.67,0,65,56
USW00093134,"LOS ANGELES DOWNTOWN USC, CA US",1/21/2020,0.89,0.02,65,54
USW00093134,"LOS ANGELES DOWNTOWN USC, CA US",1/22/2020,0.45,0,67,52
USW00093134,"LOS ANGELES DOWNTOWN USC, CA US",1/23/2020,1.57,0,76,51
USW00093134,"LOS ANGELES DOWNTOWN USC, CA US",1/24/2020,0.89,0,75,52
USW00093134,"LOS ANGELES DOWNTOWN USC, CA US",1/25/2020,0.67,0,72,53
USW00093134,"LOS ANGELES DOWNTOWN USC, CA US",1/26/2020,1.34,0,63,56
USW00093134,"LOS ANGELES DOWNTOWN USC, CA US",1/27/2020,1.57,0,73,53
USW00093134,"LOS ANGELES DOWNTOWN USC, CA US",1/28/2020,2.01,0,77,55
USW00093134,"LOS ANGELES DOWNTOWN USC, CA US",1/29/2020,3.13,0,78,57
USW00093134,"LOS ANGELES DOWNTOWN USC, CA US",1/30/2020,0.89,0,76,52
USW00093134,"LOS ANGELES DOWNTOWN USC, CA US",1/31/2020,0.89,0,83,51
USW00093134,"LOS ANGELES DOWNTOWN USC, CA US",2/1/2020,1.57,0,86,55
USW00093134,"LOS ANGELES DOWNTOWN USC, CA US",2/2/2020,2.46,0,72,55
USW00093134,"LOS ANGELES DOWNTOWN USC, CA US",2/3/2020,5.82,0,63,48
USW00093134,"LOS ANGELES DOWNTOWN USC, CA US",2/4/2020,1.12,0,62,42
USW00093134,"LOS ANGELES DOWNTOWN USC, CA US",2/5/2020,1.12,0,64,44
USW00093134,"LOS ANGELES DOWNTOWN USC, CA US",2/6/2020,0.45,0,67,47
USW00093134,"LOS ANGELES DOWNTOWN USC, CA US",2/7/2020,1.34,0,69,48
USW00093134,"LOS ANGELES DOWNTOWN USC, CA US",2/8/2020,1.12,0,70,51
USW00093134,"LOS ANGELES DOWNTOWN USC, CA US",2/9/2020,2.91,0,63,54
USW00093134,"LOS ANGELES DOWNTOWN USC, CA US",2/10/2020,2.24,0,76,52
USW00093134,"LOS ANGELES DOWNTOWN USC, CA US",2/11/2020,0.67,0,74,52
USW00093134,"LOS ANGELES DOWNTOWN USC, CA US",2/12/2020,0.89,0,69,50
USW00093134,"LOS ANGELES DOWNTOWN USC, CA US",2/13/2020,1.12,0,71,50
USW00093134,"LOS ANGELES DOWNTOWN USC, CA US",2/14/2020,0.67,0,71,49
USW00093134,"LOS ANGELES DOWNTOWN USC, CA US",2/15/2020,0.89,0,70,49
USW00093134,"LOS ANGELES DOWNTOWN USC, CA US",2/16/2020,0.45,0,72,51
USW00093134,"LOS ANGELES DOWNTOWN USC, CA US",2/17/2020,1.12,0,70,51
USW00093134,"LOS ANGELES DOWNTOWN USC, CA US",2/18/2020,1.12,0,72,56
USW00093134,"LOS ANGELES DOWNTOWN USC, CA US",2/19/2020,1.34,0,70,57
USW00093134,"LOS ANGELES DOWNTOWN USC, CA US",2/20/2020,1.12,0,81,52
USW00093134,"LOS ANGELES DOWNTOWN USC, CA US",2/21/2020,2.24,0,80,58
USW00093134,"LOS ANGELES DOWNTOWN USC, CA US",2/22/2020,2.24,0.04,66,59
USW00093134,"LOS ANGELES DOWNTOWN USC, CA US",2/23/2020,1.12,0,68,53
USW00093134,"LOS ANGELES DOWNTOWN USC, CA US",2/24/2020,0.67,0,71,52
USW00093134,"LOS ANGELES DOWNTOWN USC, CA US",2/25/2020,0.67,0,83,52
USW00093134,"LOS ANGELES DOWNTOWN USC, CA US",2/26/2020,0.89,0,81,53
USW00093134,"LOS ANGELES DOWNTOWN USC, CA US",2/27/2020,1.57,0,86,57
USW00093134,"LOS ANGELES DOWNTOWN USC, CA US",2/28/2020,2.46,0,88,64
USW00093134,"LOS ANGELES DOWNTOWN USC, CA US",2/29/2020,2.68,0,73,60
USW00093134,"LOS ANGELES DOWNTOWN USC, CA US",3/1/2020,2.68,0.01,63,54
USW00093134,"LOS ANGELES DOWNTOWN USC, CA US",3/2/2020,2.91,0,74,50
USW00093134,"LOS ANGELES DOWNTOWN USC, CA US",3/3/2020,1.12,0,82,56
USW00093134,"LOS ANGELES DOWNTOWN USC, CA US",3/4/2020,1.34,0,75,58
USW00093134,"LOS ANGELES DOWNTOWN USC, CA US",3/5/2020,1.34,0,75,58
USW00093134,"LOS ANGELES DOWNTOWN USC, CA US",3/6/2020,1.57,0,72,57
USW00093134,"LOS ANGELES DOWNTOWN USC, CA US",3/7/2020,1.57,0,67,57
USW00093134,"LOS ANGELES DOWNTOWN USC, CA US",3/8/2020,1.79,0.01,67,52
USW00093134,"LOS ANGELES DOWNTOWN USC, CA US",3/9/2020,2.46,0.04,75,53
USW00093134,"LOS ANGELES DOWNTOWN USC, CA US",3/10/2020,4.92,0.25,67,59
USW00093134,"LOS ANGELES DOWNTOWN USC, CA US",3/11/2020,2.24,0,73,60
USW00093134,"LOS ANGELES DOWNTOWN USC, CA US",3/12/2020,1.34,1.3,64,56
USW00093134,"LOS ANGELES DOWNTOWN USC, CA US",3/13/2020,0.89,0.5,60,55
USW00093134,"LOS ANGELES DOWNTOWN USC, CA US",3/14/2020,1.12,0.26,61,57
USW00093134,"LOS ANGELES DOWNTOWN USC, CA US",3/15/2020,2.24,0.05,65,54
USW00093134,"LOS ANGELES DOWNTOWN USC, CA US",3/16/2020,2.91,0.38,65,52
USW00093134,"LOS ANGELES DOWNTOWN USC, CA US",3/17/2020,1.57,0,63,47
USW00093134,"LOS ANGELES DOWNTOWN USC, CA US",3/18/2020,2.01,0,65,48
USW00093134,"LOS ANGELES DOWNTOWN USC, CA US",3/19/2020,2.46,0,64,51
USW00093134,"LOS ANGELES DOWNTOWN USC, CA US",3/20/2020,2.91,0,66,54
USW00093134,"LOS ANGELES DOWNTOWN USC, CA US",3/21/2020,1.79,0.01,69,55
USW00093134,"LOS ANGELES DOWNTOWN USC, CA US",3/22/2020,1.57,1.51,74,53
USW00093134,"LOS ANGELES DOWNTOWN USC, CA US",3/23/2020,2.24,0.03,67,55
USW00093134,"LOS ANGELES DOWNTOWN USC, CA US",3/24/2020,2.68,0,66,52
USW00093134,"LOS ANGELES DOWNTOWN USC, CA US",3/25/2020,2.68,0,66,54
USW00093134,"LOS ANGELES DOWNTOWN USC, CA US",3/26/2020,3.58,0,64,49
USW00093134,"LOS ANGELES DOWNTOWN USC, CA US",3/27/2020,2.91,0,67,50
USW00093134,"LOS ANGELES DOWNTOWN USC, CA US",3/28/2020,2.68,0,68,54
USW00093134,"LOS ANGELES DOWNTOWN USC, CA US",3/29/2020,3.36,0,69,54
USW00093134,"LOS ANGELES DOWNTOWN USC, CA US",3/30/2020,2.01,0,75,54
USW00093134,"LOS ANGELES DOWNTOWN USC, CA US",3/31/2020,1.57,0,78,56
USW00093134,"LOS ANGELES DOWNTOWN USC, CA US",4/1/2020,1.79,0,75,60
USW00093134,"LOS ANGELES DOWNTOWN USC, CA US",4/2/2020,2.01,0,72,60
USW00093134,"LOS ANGELES DOWNTOWN USC, CA US",4/3/2020,1.79,0,71,57
USW00093134,"LOS ANGELES DOWNTOWN USC, CA US",4/4/2020,2.68,0,70,57
USW00093134,"LOS ANGELES DOWNTOWN USC, CA US",4/5/2020,1.57,0.12,65,57
USW00093134,"LOS ANGELES DOWNTOWN USC, CA US",4/6/2020,2.01,1.1,64,56
USW00093134,"LOS ANGELES DOWNTOWN USC, CA US",4/7/2020,2.01,0.82,67,53
USW00093134,"LOS ANGELES DOWNTOWN USC, CA US",4/8/2020,2.91,0.01,64,52
USW00093134,"LOS ANGELES DOWNTOWN USC, CA US",4/9/2020,5.82,0.75,57,52
USW00093134,"LOS ANGELES DOWNTOWN USC, CA US",4/10/2020,3.13,0.16,67,51
USW00093134,"LOS ANGELES DOWNTOWN USC, CA US",4/11/2020,2.24,0,73,53
USW00093134,"LOS ANGELES DOWNTOWN USC, CA US",4/12/2020,0.89,0.06,63,58
USW00093134,"LOS ANGELES DOWNTOWN USC, CA US",4/13/2020,2.01,0,67,56
USW00093134,"LOS ANGELES DOWNTOWN USC, CA US",4/14/2020,1.57,0,74,53
USW00093134,"LOS ANGELES DOWNTOWN USC, CA US",4/15/2020,1.79,0,83,56
USW00093134,"LOS ANGELES DOWNTOWN USC, CA US",4/16/2020,1.57,0,78,58
USW00093134,"LOS ANGELES DOWNTOWN USC, CA US",4/17/2020,1.79,0,71,59
USW00093134,"LOS ANGELES DOWNTOWN USC, CA US",4/18/2020,2.01,0,69,60
USW00093134,"LOS ANGELES DOWNTOWN USC, CA US",4/19/2020,2.24,0,70,59
USW00093134,"LOS ANGELES DOWNTOWN USC, CA US",4/20/2020,2.24,0,69,59
USW00093134,"LOS ANGELES DOWNTOWN USC, CA US",4/21/2020,1.79,0,74,58
USW00093134,"LOS ANGELES DOWNTOWN USC, CA US",4/22/2020,2.46,0,82,58
USW00093134,"LOS ANGELES DOWNTOWN USC, CA US",4/23/2020,2.01,0,92,65
USW00093134,"LOS ANGELES DOWNTOWN USC, CA US",4/24/2020,1.57,0,93,66
USW00093134,"LOS ANGELES DOWNTOWN USC, CA US",4/25/2020,1.34,0,93,69
USW00093134,"LOS ANGELES DOWNTOWN USC, CA US",4/26/2020,1.57,0,88,64
USW00093134,"LOS ANGELES DOWNTOWN USC, CA US",4/27/2020,1.34,0,81,63
USW00093134,"LOS ANGELES DOWNTOWN USC, CA US",4/28/2020,1.12,0,85,64
USW00093134,"LOS ANGELES DOWNTOWN USC, CA US",4/29/2020,1.57,0,79,64
USW00093134,"LOS ANGELES DOWNTOWN USC, CA US",4/30/2020,1.57,0,76,64
USW00093134,"LOS ANGELES DOWNTOWN USC, CA US",5/1/2020,1.34,0,79,62
USW00093134,"LOS ANGELES DOWNTOWN USC, CA US",5/2/2020,2.24,0,79,63
USW00093134,"LOS ANGELES DOWNTOWN USC, CA US",5/3/2020,1.34,0,77,61
USW00093134,"LOS ANGELES DOWNTOWN USC, CA US",5/4/2020,1.79,0,83,60
